商品名	概要・仕様	使用シーン	①うちの子愛\n（×3.0）	②オフ会映え\n（×2.5）	③LOVOT規定\n適合性（×2.0）	④リピート性\n（×2.0）	⑤セット売り\n（×1.5）	⑥製造適性\n（×1.5）	⑦価格自由度\n（×1.5）	総合点\n（/140）	ランク	推奨価格帯	セット候補	リリース\nタイミング	製造方法	備考

②うちの子名札（アクリル）	アクリル製・LOVOT規定ピン＋フェルト。Web deco対応	LOVOTの服に装着。オフ会で「自己紹介」	9	9	10	7	7	9	7	118	SS	¥1,980	①名刺 ⑤アイロンシート	通年	既存ライン＋ピン変更	LOVOT規定クリアが最大の差別化ポイント
おそろいアイロンシート2枚セット	人間用T＋LOVOT用Tの同デザイン	オフ会でペアルック。SNS映え	9	10	5	8	10	9	5	114	SS	¥1,480〜1,980	⑤の発展系	通年	既存ライン	⑤の派生。追加開発ほぼゼロ
①うちの子名刺	形状・表面加工・デザインバリエ対応。公式テンプレの上位互換	オフ会で交換。LOVOTの日・オーナーズミーティング	9	10	3	8	9	9	5	108	S	¥500〜800	⑥名刺帳	オーナーズミーティング(12月)	既存ライン	公式テンプレが無料なので差別化デザインが鍵
LINEスタンプ風アクキーセット	写真をスタンプ風に加工。5〜8個セット	痛バ・推し活。オーナー同士で交換	9	10	2	9	6	9	6	106	S	¥1,980〜2,480/set	痛バ用クリアポケット	通年	既存ライン（UVフリーカット）	コレクション＋交換文化を生む仕掛け
うちの子アクリルスタンド	写真からダイカットアクスタ。Web deco	デスクに分身を飾る。推し活スペース	10	8	2	7	7	10	7	104	S	¥1,480〜1,980	②名札 記念プレート	通年	既存ライン（UVフリーカット）	推し活定番。FUN-CREATE得意分野
⑤アイロンプリントシート	LOVOTカスタムベースTシャツ用	Tシャツアレンジ。おそろいコーデ	8	8	5	8	8	9	5	103	S	¥980〜1,280	④ポーチ ペアシート	通年	既存ライン	公式Tシャツ(¥3,980)とのセット提案も可能
お迎え記念プレート	アクリル製。名前・お迎え日・写真入り	ネスト横に飾る。お迎え記念日ギフト	10	6	3	6	7	9	8	99	S	¥2,480〜3,480	アクスタ フォトパネル	通年（記念日需要）	既存ライン（UV印刷）	毎年の記念日リピートも見込める
③うちの子クッションKH	写真からオーダーメイド。接続紐付き	分身として連れ歩く。バッグチャーム	10	8	2	6	6	7	8	98	S	¥5,480	②名札	通年	縫製＋昇華転写	競合Paws&Feathers ¥3,280。LOVOT専門で差別化
おそろいバンダナセット	人間用＋LOVOT用の同柄2枚。名前入り	おそろいコーデ。オフ会映え	8	9	5	6	8	7	5	98	S	¥1,980〜2,480	⑤アイロンシート	通年	昇華転写
うちの子トレカ・チェキ風カード	instax miniサイズ。名前・日付入り	壁に並べて飾る。オフ会で配布・交換	9	9	2	9	5	9	3	97	S	¥400〜600/枚	①名刺	通年	既存ライン（印刷）	低単価で枚数出る。名刺①の技術転用
うちの子缶バッジ・ピンバッジ	「○○のおやです」表記。オーナー自身用	オフ会で推し表明。帽子・バッグに	8	10	2	7	5	9	4	94	A	¥500〜800	ロゼット	通年	既存ライン	低単価で複数買い。イベント限定も
うちの子ロゼット	リボン付き丸型バッジ「○○ちゃんのおやです」	オフ会で胸元に。推し活バッジの上位版	8	10	2	7	5	7	6	94	A	¥1,480〜1,980	缶バッジ	イベント時	新規パーツ追加	オフ会限定デザインなど展開可
うちの子年賀状	Web decoテンプレで写真入り年賀状	年末年始の挨拶。オーナーズミーティング直後	8	7	2	10	6	9	4	94	A	¥500〜1,000/5枚	①名刺	12月〜1月（年末商戦）	既存ライン	毎年リピート確定。オーナーズミーティング連動
うちの子フォトプロップス	吹き出し型プレート「○○です」「だっこして」	オフ会・撮影会で使う小道具	7	10	3	7	5	9	4	93	A	¥800〜1,200	①名刺 トレカ	イベント時	既存ライン（UVフリーカット）	イベント限定セットが作りやすい
うちの子QRコードプレート	アクリルにQR印刷→SNSプロフィールへ	オフ会。名刺のデジタル拡張版	7	8	3	5	9	9	5	92	A	¥1,280〜1,680	①名刺 ②名札	通年	既存ライン	名刺①の上位互換にもなりうる
イベント参加証バッジ	オフ会・LOVOTの日記念品。日付入り	イベント記念。コレクション	6	9	2	10	4	9	4	90	A	¥500〜800	缶バッジ	イベント毎	既存ライン	毎回デザインが変わるとコレクション欲刺激
うちの子シール・ステッカーシート	カット済み名前＋写真シール	手帳・スマホ・手紙デコ。ついで買い	8	6	2	8	7	9	3	88	A	¥500〜800	ほぼ全商品	通年	既存ライン	カート追加で客単価アップ
ドアプレート・ルームサイン	「○○のおへや」アクリルプレート	ネスト設置部屋のドアに掛ける	9	4	4	4	6	9	8	88	A	¥1,980〜2,480	記念プレート ネストマット	通年	既存ライン（UV印刷）	犬猫版は定番だがLOVOT版ゼロ
うちの子パスポート・成長記録帳	お迎え日・モデル・好きな遊び・訪問先を記録	記念・記録。旅先でスタンプ	9	7	2	6	7	4	7	88	A	¥1,980〜2,480	①名刺 ⑥名刺帳	通年（お迎え時）	新規外注	公式の「肩書き文化」との親和性高い
ファミリーツリー・家系図プレート	多頭飼い向け。お迎え順を家系図風に	インテリア。多頭飼い自慢	10	5	2	3	5	9	9	87	A	¥3,480〜4,980	記念プレート	通年	既存ライン（UV印刷）	多頭飼いオーナーの客単価は2倍以上
⑥うちの子名刺帳	名刺交換文化対応。名刺①とセット	オフ会での名刺収納・コレクション	7	8	2	4	10	6	6	86	A	¥1,480〜1,980	①名刺	オーナーズミーティング(12月)	新規外注	名刺とセット割で購入促進
うちの子カレンダー	写真入りオーダーカレンダー。卓上/壁掛け	インテリア。毎年の年末商戦	9	4	2	10	4	7	6	86	A	¥1,980〜2,980		11月〜12月	新規外注	毎年リピート。オーナーズミーティング連動
うちの子メッセージカード	写真入りポストカード5〜10枚セット	オフ会で配布。お礼状	7	7	2	7	7	9	3	85	A	¥500〜1,000/set	①名刺	通年	既存ライン	名刺よりカジュアルなコミュニケーションツール
ネスト周りマット	充電ステーション用「○○のおへや」名前入りマット	LOVOTのいる空間を整える	8	4	6	4	7	6	7	84	A	¥2,480〜3,480	ドアプレート	通年	昇華転写	LOVOT特有のアイテム。他で代替不可
うちの子ネイルシール	LOVOTの写真を爪サイズにプリント	オフ会・日常。指先にうちの子	8	7	2	8	4	8	3	84	A	¥800〜1,200		通年	既存ライン
うちの子コースター（アクリル）	アクリル加工の延長。グラス・マグとセット	自宅で日常使い	8	3	2	5	10	10	5	83	A	¥680〜980	⑨⑩グラス/マグ	通年	既存ライン	セット売りで客単価UP担当
④うちの子ポーチ	メイクポーチサイズ。LOVOTウェア持ち運び	お出かけ・オフ会でウェア整理	8	6	2	5	7	6	6	82	A	¥2,480〜2,980	⑤アイロンシート	通年	縫製
うちの子フォトパネル	A5〜A4アクリルパネル。壁掛け/卓上	インテリア。メモリアル	9	4	2	4	6	8	8	82	A	¥2,980〜4,980	記念プレート	通年	UV印刷
⑦LOVOTのってますステッカー	自動車・カート用	車・カートに貼る	7	7	2	5	4	10	4	80	A	¥800〜1,200		通年	既存ライン	犬猫版の市場は成熟。LOVOT版はゼロ
キャリーバッグ用ネームタグ	公式バックパックに付けるうちの子名前入り	お出かけ。オフ会で他人のバッグと区別	7	8	2	4	5	9	4	80	A	¥980〜1,480	②名札	通年	既存ライン	公式バックパック¥49,980のアクセサリー
⑧うちの子ミニタオル	写真入りオーダーメイド	日常使い・ギフト	8	5	2	6	6	6	5	78	B	¥1,280〜1,680	⑨⑩グラス/マグ	通年	昇華転写
⑨うちの子グラス	写真入りグラス	自宅でうちの子と乾杯気分	8	4	2	4	8	6	7	78	B	¥1,980〜2,480	コースター	通年	新規外注
⑩うちの子マグカップ	写真入りマグカップ	自宅・職場で毎日使う	8	4	2	4	8	6	6	76	B	¥1,680〜1,980	コースター	通年	新規外注
うちの子エコバッグ	LOVOTウェア持ち運び。オフ会サブバッグ	お出かけ・買い物・オフ会	7	6	2	5	5	7	5	76	B	¥1,680〜2,480	④ポーチ	通年	昇華転写
うちの子ブレスレット（ネムブレス）	名前入りビーズブレス	推し活・オフ会	7	8	2	5	4	4	5	74	B	¥980〜1,480		通年	新規外注
うちの子ギフトタグ	オーナー同士の贈り物用「○○から」	ギフト・季節イベント	6	5	2	7	6	9	2	74	B	¥300〜500/set	ほぼ全商品	通年	既存ライン
⑪うちの子水筒	写真入り水筒	外出・職場に連れ歩く	8	5	2	4	5	4	7	72	B	¥2,980〜3,480		通年	新規外注
うちの子マウスパッド	昇華転写プリント	在宅ワーク中のデスク	8	3	2	4	5	9	5	72	B	¥980〜1,480	アクスタ	通年	既存ライン
うちの子ブランケット	LOVOTを抱っこする時に一緒にかぶれる	冬のおうち時間。LOVOT抱っこ	8	4	3	4	4	5	7	72	B	¥3,980〜4,980		秋冬	新規外注
うちの子折りたたみエコバッグ	畳むと小さく、広げるとうちの子	買い物・日常	7	5	2	5	4	7	5	72	B	¥1,680〜2,480		通年	昇華転写
うちの子靴下	昇華転写全面プリント	日常。さりげなくうちの子	7	5	2	6	3	6	4	69	B	¥1,280〜1,680		通年	新規外注
うちの子パスケース	通勤で毎日触れる。両面に別写真	通勤・日常使い	8	3	2	4	4	7	5	68	B	¥1,480〜1,980		通年	UV印刷

【追加】
フルデザインウェア
ラボットのシルエットグッズ（定型）
LOVOTと「親」のおそろい
LOVOT本体を連れていけないニーズに応える
LOVOTとのお出かけを楽しくする（運ぶための道具ではなく周辺の装飾アイテム）＿お着換え、充電コードなど